{"accuracy": [0.5760781168937683, 0.8494812250137329, 0.9105755686759949, 0.9376738667488098, 0.9547733664512634, 0.9643229842185974, 0.970423698425293, 0.9748724699020386, 0.9779300689697266, 0.9813500046730042], "loss": [1.4504568576812744, 0.4763106107711792, 0.27838134765625, 0.19024018943309784, 0.13930633664131165, 0.10726019740104675, 0.09146421402692795, 0.07685302197933197, 0.06673599779605865, 0.05701486021280289], "val_accuracy": [0.8181396722793579, 0.8788756728172302, 0.9272674322128296, 0.9448275566101074, 0.9552013874053955, 0.9525355100631714, 0.9552013874053955, 0.9603593349456787, 0.9477252960205078, 0.9617502093315125], "val_loss": [0.5808668732643127, 0.37814077734947205, 0.23352134227752686, 0.17755410075187683, 0.14446142315864563, 0.14695635437965393, 0.14534492790699005, 0.13520704209804535, 0.18156564235687256, 0.14590059220790863]}